Restart,Iteration,RunTime,Distance,RunTimeSinceBeginningOfRun,BestDistance
Description =  
Restart,Iteration,RunTime,Distance
0,0,0.0,1783027.1251792007,0.0,1712228.2322904523
0,1,0.0,1779010.9212261601,0.0,1712228.2322904523
0,2,0.0,1740401.411401299,0.0,1712228.2322904523
0,3,0.0,1740401.411401299,0.0,1712228.2322904523
0,4,0.0,1740401.411401299,0.0,1712228.2322904523
0,5,0.0,1740401.411401299,0.0,1712228.2322904523
0,6,0.0,1740401.411401299,0.0,1712228.2322904523
0,7,0.0,1738664.5279517223,0.0,1712228.2322904523
0,8,0.0,1714152.0722211828,0.0,1712228.2322904523
0,9,0.0,1714152.0722211828,0.0,1712228.2322904523
0,10,0.0,1629577.5260654422,0.0,1629577.5260654422
0,11,0.0,1629577.5260654422,0.0,1629577.5260654422
0,12,0.0,1629577.5260654422,0.0,1629577.5260654422
0,13,0.0,1629577.5260654422,0.0,1629577.5260654422
0,14,0.0,1629577.5260654422,0.0,1629577.5260654422
0,15,0.0,1629577.5260654422,0.0,1629577.5260654422
0,16,0.0,1626979.12165962,0.0,1626979.12165962
0,17,0.0,1615099.0383768782,0.0,1615099.0383768782
0,18,0.0,1615099.0383768782,0.0,1615099.0383768782
0,19,0.0,1615099.0383768782,0.0,1615099.0383768782
0,20,0.0,1615099.0383768782,0.0,1615099.0383768782
0,21,0.0,1594524.7003758214,0.0,1594524.7003758214
0,22,0.0,1594524.7003758214,0.0,1594524.7003758214
0,23,0.0,1594524.7003758214,0.0,1594524.7003758214
0,24,0.0,1577323.063813817,0.0,1577323.063813817
0,25,0.0,1577323.063813817,0.0,1577323.063813817
0,26,0.0,1577323.063813817,0.0,1577323.063813817
0,27,0.0,1577323.063813817,0.0,1577323.063813817
0,28,0.0,1577323.063813817,0.0,1577323.063813817
0,29,0.0,1577323.063813817,0.0,1577323.063813817
0,30,0.0,1577323.063813817,0.0,1577323.063813817
0,31,0.0,1577323.063813817,0.0,1577323.063813817
0,32,0.0,1573071.4151430721,0.0,1573071.4151430721
0,33,0.0,1564370.39202593,0.0,1564370.39202593
0,34,0.0,1551611.7832793891,0.0,1551611.7832793891
0,35,0.0,1551611.7832793891,0.0,1551611.7832793891
0,36,0.0,1551611.7832793891,0.0,1551611.7832793891
0,37,0.0,1551611.7832793891,0.0,1551611.7832793891
0,38,0.0,1551611.7832793891,0.0,1551611.7832793891
0,39,0.0,1551611.7832793891,0.0,1551611.7832793891
0,40,0.0,1551611.7832793891,0.0,1551611.7832793891
0,41,0.0,1551611.7832793891,0.0,1551611.7832793891
0,42,0.0,1551611.7832793891,0.0,1551611.7832793891
0,43,0.0,1551611.7832793891,0.0,1551611.7832793891
0,44,0.0,1551611.7832793891,0.0,1551611.7832793891
0,45,0.0,1551611.7832793891,0.0,1551611.7832793891
0,46,0.0,1551611.7832793891,0.0,1551611.7832793891
0,47,0.0,1551611.7832793891,0.0,1551611.7832793891
0,48,0.0,1551611.7832793891,0.0,1551611.7832793891
0,49,0.0,1551611.7832793891,0.0,1551611.7832793891
0,50,0.0,1551611.7832793891,0.0,1551611.7832793891
0,51,0.0,1551611.7832793891,0.0,1551611.7832793891
0,52,0.0,1551611.7832793891,0.0,1551611.7832793891
0,53,0.0,1551611.7832793891,0.0,1551611.7832793891
0,54,0.0,1551611.7832793891,0.0,1551611.7832793891
0,55,0.0,1551611.7832793891,0.0,1551611.7832793891
0,56,0.0,1551611.7832793891,0.0,1551611.7832793891
0,57,0.0,1551611.7832793891,0.0,1551611.7832793891
0,58,0.0,1551611.7832793891,0.0,1551611.7832793891
0,59,0.0,1551611.7832793891,0.0,1551611.7832793891
0,60,0.0,1551611.7832793891,0.0,1551611.7832793891
0,61,0.0,1551611.7832793891,0.0,1551611.7832793891
0,62,0.0,1551611.7832793891,0.0,1551611.7832793891
0,63,0.0,1533278.3148614287,0.0,1533278.3148614287
0,64,0.0,1533278.3148614287,0.0,1533278.3148614287
0,65,0.0,1533278.3148614287,0.0,1533278.3148614287
0,66,0.0,1533278.3148614287,0.0,1533278.3148614287
0,67,0.0,1533278.3148614287,0.0,1533278.3148614287
0,68,0.0,1533278.3148614287,0.0,1533278.3148614287
0,69,0.0,1533278.3148614287,0.0,1533278.3148614287
0,70,0.0,1533278.3148614287,0.0,1533278.3148614287
0,71,0.0,1533278.3148614287,0.0,1533278.3148614287
0,72,0.0,1533278.3148614287,0.0,1533278.3148614287
0,73,0.0,1533278.3148614287,0.0,1533278.3148614287
0,74,0.0,1533278.3148614287,0.0,1533278.3148614287
0,75,0.0,1533278.3148614287,0.0,1533278.3148614287
0,76,0.0,1533278.3148614287,0.0,1533278.3148614287
0,77,0.0,1533278.3148614287,0.0,1533278.3148614287
0,78,0.015625,1533278.3148614287,0.015625,1533278.3148614287
0,79,0.015625,1533278.3148614287,0.015625,1533278.3148614287
0,80,0.015625,1533278.3148614287,0.015625,1533278.3148614287
0,81,0.015625,1533278.3148614287,0.015625,1533278.3148614287
0,82,0.015625,1533278.3148614287,0.015625,1533278.3148614287
0,83,0.015625,1533278.3148614287,0.015625,1533278.3148614287
0,84,0.015625,1533278.3148614287,0.015625,1533278.3148614287
0,85,0.015625,1533278.3148614287,0.015625,1533278.3148614287
0,86,0.015625,1533278.3148614287,0.015625,1533278.3148614287
0,87,0.015625,1533278.3148614287,0.015625,1533278.3148614287
0,88,0.015625,1533278.3148614287,0.015625,1533278.3148614287
0,89,0.015625,1533278.3148614287,0.015625,1533278.3148614287
0,90,0.015625,1533278.3148614287,0.015625,1533278.3148614287
0,91,0.015625,1533278.3148614287,0.015625,1533278.3148614287
0,92,0.015625,1533278.3148614287,0.015625,1533278.3148614287
0,93,0.015625,1533278.3148614287,0.015625,1533278.3148614287
0,94,0.015625,1533278.3148614287,0.015625,1533278.3148614287
0,95,0.015625,1533278.3148614287,0.015625,1533278.3148614287
0,96,0.015625,1533278.3148614287,0.015625,1533278.3148614287
0,97,0.015625,1533278.3148614287,0.015625,1533278.3148614287
0,98,0.015625,1533278.3148614287,0.015625,1533278.3148614287
0,99,0.015625,1533278.3148614287,0.015625,1533278.3148614287
Description =  
Restart,Iteration,RunTime,Distance
1,0,0.0,1637303.6984929224,0.015625,1533278.3148614287
1,1,0.0,1614463.654318372,0.015625,1533278.3148614287
1,2,0.0,1614463.654318372,0.015625,1533278.3148614287
1,3,0.0,1606761.6833430575,0.015625,1533278.3148614287
1,4,0.0,1571724.8648765422,0.015625,1533278.3148614287
1,5,0.0,1571724.8648765422,0.015625,1533278.3148614287
1,6,0.0,1571724.8648765422,0.015625,1533278.3148614287
1,7,0.0,1571724.8648765422,0.015625,1533278.3148614287
1,8,0.0,1565533.8821176887,0.015625,1533278.3148614287
1,9,0.0,1565533.8821176887,0.015625,1533278.3148614287
1,10,0.0,1565533.8821176887,0.015625,1533278.3148614287
1,11,0.0,1565533.8821176887,0.015625,1533278.3148614287
1,12,0.0,1565533.8821176887,0.015625,1533278.3148614287
1,13,0.0,1565533.8821176887,0.015625,1533278.3148614287
1,14,0.0,1565533.8821176887,0.015625,1533278.3148614287
1,15,0.0,1565533.8821176887,0.015625,1533278.3148614287
1,16,0.0,1565533.8821176887,0.015625,1533278.3148614287
1,17,0.0,1565533.8821176887,0.015625,1533278.3148614287
1,18,0.0,1565533.8821176887,0.015625,1533278.3148614287
1,19,0.0,1565533.8821176887,0.015625,1533278.3148614287
1,20,0.0,1565533.8821176887,0.015625,1533278.3148614287
1,21,0.0,1565533.8821176887,0.015625,1533278.3148614287
1,22,0.0,1565533.8821176887,0.015625,1533278.3148614287
1,23,0.0,1560261.4585716743,0.015625,1533278.3148614287
1,24,0.0,1560261.4585716743,0.015625,1533278.3148614287
1,25,0.0,1560261.4585716743,0.015625,1533278.3148614287
1,26,0.0,1560261.4585716743,0.015625,1533278.3148614287
1,27,0.0,1560261.4585716743,0.015625,1533278.3148614287
1,28,0.0,1560261.4585716743,0.015625,1533278.3148614287
1,29,0.0,1560261.4585716743,0.015625,1533278.3148614287
1,30,0.0,1549992.0372274977,0.015625,1533278.3148614287
1,31,0.0,1549992.0372274977,0.015625,1533278.3148614287
1,32,0.0,1549992.0372274977,0.015625,1533278.3148614287
1,33,0.0,1549992.0372274977,0.015625,1533278.3148614287
1,34,0.0,1549992.0372274977,0.015625,1533278.3148614287
1,35,0.0,1549992.0372274977,0.015625,1533278.3148614287
1,36,0.0,1549992.0372274977,0.015625,1533278.3148614287
1,37,0.0,1549992.0372274977,0.015625,1533278.3148614287
1,38,0.0,1549992.0372274977,0.015625,1533278.3148614287
1,39,0.0,1549992.0372274977,0.015625,1533278.3148614287
1,40,0.0,1549992.0372274977,0.015625,1533278.3148614287
1,41,0.0,1549992.0372274977,0.015625,1533278.3148614287
1,42,0.0,1549992.0372274977,0.015625,1533278.3148614287
1,43,0.0,1549992.0372274977,0.015625,1533278.3148614287
1,44,0.0,1549992.0372274977,0.015625,1533278.3148614287
1,45,0.0,1535645.857726546,0.015625,1533278.3148614287
1,46,0.0,1535645.857726546,0.015625,1533278.3148614287
1,47,0.0,1535645.857726546,0.015625,1533278.3148614287
1,48,0.0,1535645.857726546,0.015625,1533278.3148614287
1,49,0.0,1511799.4408354596,0.015625,1511799.4408354596
1,50,0.0,1511799.4408354596,0.015625,1511799.4408354596
1,51,0.0,1511799.4408354596,0.015625,1511799.4408354596
1,52,0.0,1511799.4408354596,0.015625,1511799.4408354596
1,53,0.0,1511799.4408354596,0.015625,1511799.4408354596
1,54,0.0,1511799.4408354596,0.015625,1511799.4408354596
1,55,0.0,1511799.4408354596,0.015625,1511799.4408354596
1,56,0.0,1506579.7545821264,0.015625,1506579.7545821264
1,57,0.0,1506579.7545821264,0.015625,1506579.7545821264
1,58,0.0,1506579.7545821264,0.015625,1506579.7545821264
1,59,0.0,1506579.7545821264,0.015625,1506579.7545821264
1,60,0.0,1506579.7545821264,0.015625,1506579.7545821264
1,61,0.0,1506579.7545821264,0.015625,1506579.7545821264
1,62,0.0,1506579.7545821264,0.015625,1506579.7545821264
1,63,0.0,1506579.7545821264,0.015625,1506579.7545821264
1,64,0.0,1506579.7545821264,0.015625,1506579.7545821264
1,65,0.0,1506579.7545821264,0.015625,1506579.7545821264
1,66,0.0,1506579.7545821264,0.015625,1506579.7545821264
1,67,0.0,1506579.7545821264,0.015625,1506579.7545821264
1,68,0.0,1506579.7545821264,0.015625,1506579.7545821264
1,69,0.0,1506579.7545821264,0.015625,1506579.7545821264
1,70,0.0,1506579.7545821264,0.015625,1506579.7545821264
1,71,0.0,1506579.7545821264,0.015625,1506579.7545821264
1,72,0.0,1506579.7545821264,0.015625,1506579.7545821264
1,73,0.0,1506579.7545821264,0.015625,1506579.7545821264
1,74,0.0,1506579.7545821264,0.015625,1506579.7545821264
1,75,0.0,1506579.7545821264,0.015625,1506579.7545821264
1,76,0.0,1506579.7545821264,0.015625,1506579.7545821264
1,77,0.0,1506579.7545821264,0.015625,1506579.7545821264
1,78,0.0,1506579.7545821264,0.015625,1506579.7545821264
1,79,0.0,1506579.7545821264,0.015625,1506579.7545821264
1,80,0.0,1506579.7545821264,0.015625,1506579.7545821264
1,81,0.0,1506579.7545821264,0.015625,1506579.7545821264
1,82,0.0,1506579.7545821264,0.015625,1506579.7545821264
1,83,0.0,1506579.7545821264,0.015625,1506579.7545821264
1,84,0.0,1506579.7545821264,0.015625,1506579.7545821264
1,85,0.0,1506579.7545821264,0.015625,1506579.7545821264
1,86,0.0,1506579.7545821264,0.015625,1506579.7545821264
1,87,0.0,1506579.7545821264,0.015625,1506579.7545821264
1,88,0.0,1506579.7545821264,0.015625,1506579.7545821264
1,89,0.0,1506579.7545821264,0.015625,1506579.7545821264
1,90,0.0,1506579.7545821264,0.015625,1506579.7545821264
1,91,0.0,1506579.7545821264,0.015625,1506579.7545821264
1,92,0.0,1506579.7545821264,0.015625,1506579.7545821264
1,93,0.0,1506579.7545821264,0.015625,1506579.7545821264
1,94,0.0,1506579.7545821264,0.015625,1506579.7545821264
1,95,0.0,1506579.7545821264,0.015625,1506579.7545821264
1,96,0.0,1506579.7545821264,0.015625,1506579.7545821264
1,97,0.0,1506579.7545821264,0.015625,1506579.7545821264
1,98,0.0,1506579.7545821264,0.015625,1506579.7545821264
1,99,0.0,1506579.7545821264,0.015625,1506579.7545821264
Description =  
Restart,Iteration,RunTime,Distance
2,0,0.0,1620740.289061534,0.03125,1506579.7545821264
2,1,0.0,1620740.289061534,0.03125,1506579.7545821264
2,2,0.0,1620740.289061534,0.03125,1506579.7545821264
2,3,0.0,1620740.289061534,0.03125,1506579.7545821264
2,4,0.0,1620740.289061534,0.03125,1506579.7545821264
2,5,0.0,1620740.289061534,0.03125,1506579.7545821264
2,6,0.0,1594510.1324470951,0.03125,1506579.7545821264
2,7,0.0,1594510.1324470951,0.03125,1506579.7545821264
2,8,0.0,1594510.1324470951,0.03125,1506579.7545821264
2,9,0.0,1594510.1324470951,0.03125,1506579.7545821264
2,10,0.0,1581759.960623051,0.03125,1506579.7545821264
2,11,0.0,1571751.8812487402,0.03125,1506579.7545821264
2,12,0.0,1571751.8812487402,0.03125,1506579.7545821264
2,13,0.0,1571751.8812487402,0.03125,1506579.7545821264
2,14,0.0,1571751.8812487402,0.03125,1506579.7545821264
2,15,0.0,1571751.8812487402,0.03125,1506579.7545821264
2,16,0.0,1571751.8812487402,0.03125,1506579.7545821264
2,17,0.0,1571751.8812487402,0.03125,1506579.7545821264
2,18,0.0,1571751.8812487402,0.03125,1506579.7545821264
2,19,0.0,1571751.8812487402,0.03125,1506579.7545821264
2,20,0.0,1571751.8812487402,0.03125,1506579.7545821264
2,21,0.0,1571751.8812487402,0.03125,1506579.7545821264
2,22,0.0,1571751.8812487402,0.03125,1506579.7545821264
2,23,0.0,1561001.9831991338,0.03125,1506579.7545821264
2,24,0.0,1561001.9831991338,0.03125,1506579.7545821264
2,25,0.0,1481029.639101898,0.03125,1481029.639101898
2,26,0.0,1481029.639101898,0.03125,1481029.639101898
2,27,0.0,1481029.639101898,0.03125,1481029.639101898
2,28,0.0,1481029.639101898,0.03125,1481029.639101898
2,29,0.0,1480195.5039568478,0.03125,1480195.5039568478
2,30,0.0,1480195.5039568478,0.03125,1480195.5039568478
2,31,0.0,1480195.5039568478,0.03125,1480195.5039568478
2,32,0.0,1480195.5039568478,0.03125,1480195.5039568478
2,33,0.0,1480195.5039568478,0.03125,1480195.5039568478
2,34,0.0,1480195.5039568478,0.03125,1480195.5039568478
2,35,0.0,1480195.5039568478,0.03125,1480195.5039568478
2,36,0.0,1480195.5039568478,0.03125,1480195.5039568478
2,37,0.0,1466786.845850875,0.03125,1466786.845850875
2,38,0.0,1466786.845850875,0.03125,1466786.845850875
2,39,0.0,1466786.845850875,0.03125,1466786.845850875
2,40,0.0,1466786.845850875,0.03125,1466786.845850875
2,41,0.0,1466786.845850875,0.03125,1466786.845850875
2,42,0.0,1466786.845850875,0.03125,1466786.845850875
2,43,0.0,1466786.845850875,0.03125,1466786.845850875
2,44,0.0,1466786.845850875,0.03125,1466786.845850875
2,45,0.0,1466786.845850875,0.03125,1466786.845850875
2,46,0.0,1466786.845850875,0.03125,1466786.845850875
2,47,0.0,1466786.845850875,0.03125,1466786.845850875
2,48,0.0,1466786.845850875,0.03125,1466786.845850875
2,49,0.0,1466786.845850875,0.03125,1466786.845850875
2,50,0.0,1444418.10778239,0.03125,1444418.10778239
2,51,0.0,1431393.080429815,0.03125,1431393.080429815
2,52,0.0,1431393.080429815,0.03125,1431393.080429815
2,53,0.0,1431393.080429815,0.03125,1431393.080429815
2,54,0.0,1431393.080429815,0.03125,1431393.080429815
2,55,0.0,1431393.080429815,0.03125,1431393.080429815
2,56,0.0,1431393.080429815,0.03125,1431393.080429815
2,57,0.0,1431393.080429815,0.03125,1431393.080429815
2,58,0.0,1431393.080429815,0.03125,1431393.080429815
2,59,0.0,1431393.080429815,0.03125,1431393.080429815
2,60,0.0,1431393.080429815,0.03125,1431393.080429815
2,61,0.0,1431393.080429815,0.03125,1431393.080429815
2,62,0.0,1431393.080429815,0.03125,1431393.080429815
2,63,0.0,1431393.080429815,0.03125,1431393.080429815
2,64,0.0,1431393.080429815,0.03125,1431393.080429815
2,65,0.0,1431393.080429815,0.03125,1431393.080429815
2,66,0.0,1431393.080429815,0.03125,1431393.080429815
2,67,0.0,1431393.080429815,0.03125,1431393.080429815
2,68,0.0,1431393.080429815,0.03125,1431393.080429815
2,69,0.0,1431393.080429815,0.03125,1431393.080429815
2,70,0.0,1431393.080429815,0.03125,1431393.080429815
2,71,0.0,1431393.080429815,0.03125,1431393.080429815
2,72,0.0,1431393.080429815,0.03125,1431393.080429815
2,73,0.0,1431393.080429815,0.03125,1431393.080429815
2,74,0.0,1431393.080429815,0.03125,1431393.080429815
2,75,0.0,1431393.080429815,0.03125,1431393.080429815
2,76,0.0,1431393.080429815,0.03125,1431393.080429815
2,77,0.0,1431393.080429815,0.03125,1431393.080429815
2,78,0.0,1431393.080429815,0.03125,1431393.080429815
2,79,0.0,1431393.080429815,0.03125,1431393.080429815
2,80,0.0,1431393.080429815,0.03125,1431393.080429815
2,81,0.0,1431393.080429815,0.03125,1431393.080429815
2,82,0.0,1431393.080429815,0.03125,1431393.080429815
2,83,0.0,1431393.080429815,0.03125,1431393.080429815
2,84,0.0,1431393.080429815,0.03125,1431393.080429815
2,85,0.0,1431393.080429815,0.03125,1431393.080429815
2,86,0.0,1431393.080429815,0.03125,1431393.080429815
2,87,0.0,1431393.080429815,0.03125,1431393.080429815
2,88,0.0,1431393.080429815,0.03125,1431393.080429815
2,89,0.0,1431393.080429815,0.03125,1431393.080429815
2,90,0.0,1431393.080429815,0.03125,1431393.080429815
2,91,0.0,1431393.080429815,0.03125,1431393.080429815
2,92,0.0,1431393.080429815,0.03125,1431393.080429815
2,93,0.0,1431393.080429815,0.03125,1431393.080429815
2,94,0.0,1431393.080429815,0.03125,1431393.080429815
2,95,0.0,1431393.080429815,0.03125,1431393.080429815
2,96,0.0,1431393.080429815,0.03125,1431393.080429815
2,97,0.0,1431393.080429815,0.03125,1431393.080429815
2,98,0.0,1431393.080429815,0.03125,1431393.080429815
2,99,0.0,1431393.080429815,0.03125,1431393.080429815
Description =  
Restart,Iteration,RunTime,Distance
3,0,0.0,1663683.9198362664,0.03125,1431393.080429815
3,1,0.0,1663683.9198362664,0.03125,1431393.080429815
3,2,0.0,1641827.3113095053,0.03125,1431393.080429815
3,3,0.0,1641827.3113095053,0.03125,1431393.080429815
3,4,0.0,1641827.3113095053,0.03125,1431393.080429815
3,5,0.0,1641827.3113095053,0.03125,1431393.080429815
3,6,0.0,1638665.2185702994,0.03125,1431393.080429815
3,7,0.0,1624699.860819312,0.03125,1431393.080429815
3,8,0.0,1624699.860819312,0.03125,1431393.080429815
3,9,0.0,1624699.860819312,0.03125,1431393.080429815
3,10,0.0,1619427.4372732977,0.03125,1431393.080429815
3,11,0.0,1593077.817668259,0.03125,1431393.080429815
3,12,0.0,1593077.817668259,0.03125,1431393.080429815
3,13,0.0,1582595.9966506402,0.03125,1431393.080429815
3,14,0.0,1582595.9966506402,0.03125,1431393.080429815
3,15,0.0,1582595.9966506402,0.03125,1431393.080429815
3,16,0.0,1582595.9966506402,0.03125,1431393.080429815
3,17,0.0,1582595.9966506402,0.03125,1431393.080429815
3,18,0.0,1582595.9966506402,0.03125,1431393.080429815
3,19,0.0,1582595.9966506402,0.03125,1431393.080429815
3,20,0.015625,1561003.874690344,0.046875,1431393.080429815
3,21,0.015625,1561003.874690344,0.046875,1431393.080429815
3,22,0.015625,1546518.026947854,0.046875,1431393.080429815
3,23,0.015625,1546518.026947854,0.046875,1431393.080429815
3,24,0.015625,1546518.026947854,0.046875,1431393.080429815
3,25,0.015625,1546518.026947854,0.046875,1431393.080429815
3,26,0.015625,1546518.026947854,0.046875,1431393.080429815
3,27,0.015625,1546518.026947854,0.046875,1431393.080429815
3,28,0.015625,1546518.026947854,0.046875,1431393.080429815
3,29,0.015625,1546518.026947854,0.046875,1431393.080429815
3,30,0.015625,1546518.026947854,0.046875,1431393.080429815
3,31,0.015625,1546518.026947854,0.046875,1431393.080429815
3,32,0.015625,1545469.6176524758,0.046875,1431393.080429815
3,33,0.015625,1545469.6176524758,0.046875,1431393.080429815
3,34,0.015625,1545469.6176524758,0.046875,1431393.080429815
3,35,0.015625,1545469.6176524758,0.046875,1431393.080429815
3,36,0.015625,1545469.6176524758,0.046875,1431393.080429815
3,37,0.015625,1545469.6176524758,0.046875,1431393.080429815
3,38,0.015625,1545469.6176524758,0.046875,1431393.080429815
3,39,0.015625,1545469.6176524758,0.046875,1431393.080429815
3,40,0.015625,1545469.6176524758,0.046875,1431393.080429815
3,41,0.015625,1545469.6176524758,0.046875,1431393.080429815
3,42,0.015625,1545469.6176524758,0.046875,1431393.080429815
3,43,0.015625,1545469.6176524758,0.046875,1431393.080429815
3,44,0.015625,1545469.6176524758,0.046875,1431393.080429815
3,45,0.015625,1545469.6176524758,0.046875,1431393.080429815
3,46,0.015625,1545469.6176524758,0.046875,1431393.080429815
3,47,0.015625,1545469.6176524758,0.046875,1431393.080429815
3,48,0.015625,1544577.0938870043,0.046875,1431393.080429815
3,49,0.015625,1543118.7942362356,0.046875,1431393.080429815
3,50,0.015625,1543118.7942362356,0.046875,1431393.080429815
3,51,0.015625,1543118.7942362356,0.046875,1431393.080429815
3,52,0.015625,1543118.7942362356,0.046875,1431393.080429815
3,53,0.015625,1543118.7942362356,0.046875,1431393.080429815
3,54,0.015625,1543118.7942362356,0.046875,1431393.080429815
3,55,0.015625,1543118.7942362356,0.046875,1431393.080429815
3,56,0.015625,1521912.4384199483,0.046875,1431393.080429815
3,57,0.015625,1521912.4384199483,0.046875,1431393.080429815
3,58,0.015625,1520790.134888617,0.046875,1431393.080429815
3,59,0.015625,1520790.134888617,0.046875,1431393.080429815
3,60,0.015625,1520790.134888617,0.046875,1431393.080429815
3,61,0.015625,1520790.134888617,0.046875,1431393.080429815
3,62,0.015625,1520790.134888617,0.046875,1431393.080429815
3,63,0.015625,1520790.134888617,0.046875,1431393.080429815
3,64,0.015625,1520790.134888617,0.046875,1431393.080429815
3,65,0.015625,1520790.134888617,0.046875,1431393.080429815
3,66,0.015625,1520790.134888617,0.046875,1431393.080429815
3,67,0.015625,1520790.134888617,0.046875,1431393.080429815
3,68,0.015625,1520790.134888617,0.046875,1431393.080429815
3,69,0.015625,1520790.134888617,0.046875,1431393.080429815
3,70,0.015625,1520790.134888617,0.046875,1431393.080429815
3,71,0.015625,1520790.134888617,0.046875,1431393.080429815
3,72,0.015625,1520790.134888617,0.046875,1431393.080429815
3,73,0.015625,1512664.3413855797,0.046875,1431393.080429815
3,74,0.015625,1499639.3140330047,0.046875,1431393.080429815
3,75,0.015625,1499639.3140330047,0.046875,1431393.080429815
3,76,0.015625,1482437.6774710002,0.046875,1431393.080429815
3,77,0.015625,1482437.6774710002,0.046875,1431393.080429815
3,78,0.015625,1482437.6774710002,0.046875,1431393.080429815
3,79,0.015625,1482437.6774710002,0.046875,1431393.080429815
3,80,0.015625,1482437.6774710002,0.046875,1431393.080429815
3,81,0.015625,1482437.6774710002,0.046875,1431393.080429815
3,82,0.015625,1482437.6774710002,0.046875,1431393.080429815
3,83,0.015625,1482437.6774710002,0.046875,1431393.080429815
3,84,0.015625,1482437.6774710002,0.046875,1431393.080429815
3,85,0.015625,1482437.6774710002,0.046875,1431393.080429815
3,86,0.015625,1482437.6774710002,0.046875,1431393.080429815
3,87,0.015625,1482437.6774710002,0.046875,1431393.080429815
3,88,0.015625,1482437.6774710002,0.046875,1431393.080429815
3,89,0.015625,1482437.6774710002,0.046875,1431393.080429815
3,90,0.015625,1482437.6774710002,0.046875,1431393.080429815
3,91,0.015625,1482437.6774710002,0.046875,1431393.080429815
3,92,0.015625,1482437.6774710002,0.046875,1431393.080429815
3,93,0.015625,1482437.6774710002,0.046875,1431393.080429815
3,94,0.015625,1482437.6774710002,0.046875,1431393.080429815
3,95,0.015625,1482437.6774710002,0.046875,1431393.080429815
3,96,0.015625,1482437.6774710002,0.046875,1431393.080429815
3,97,0.015625,1482437.6774710002,0.046875,1431393.080429815
3,98,0.015625,1482437.6774710002,0.046875,1431393.080429815
3,99,0.015625,1482437.6774710002,0.046875,1431393.080429815
Description =  
Restart,Iteration,RunTime,Distance
4,0,0.0,1798750.788855979,0.046875,1431393.080429815
4,1,0.0,1791825.6226002565,0.046875,1431393.080429815
4,2,0.0,1791825.6226002565,0.046875,1431393.080429815
4,3,0.0,1736274.843222335,0.046875,1431393.080429815
4,4,0.0,1708594.7608718472,0.046875,1431393.080429815
4,5,0.0,1691436.0234139704,0.046875,1431393.080429815
4,6,0.0,1675080.529513692,0.046875,1431393.080429815
4,7,0.0,1675080.529513692,0.046875,1431393.080429815
4,8,0.0,1662812.000071769,0.046875,1431393.080429815
4,9,0.0,1648639.9632642234,0.046875,1431393.080429815
4,10,0.0,1648639.9632642234,0.046875,1431393.080429815
4,11,0.0,1648639.9632642234,0.046875,1431393.080429815
4,12,0.0,1648639.9632642234,0.046875,1431393.080429815
4,13,0.0,1642139.5934981005,0.046875,1431393.080429815
4,14,0.0,1642139.5934981005,0.046875,1431393.080429815
4,15,0.0,1642139.5934981005,0.046875,1431393.080429815
4,16,0.0,1609394.555778089,0.046875,1431393.080429815
4,17,0.0,1609394.555778089,0.046875,1431393.080429815
4,18,0.0,1609394.555778089,0.046875,1431393.080429815
4,19,0.0,1609394.555778089,0.046875,1431393.080429815
4,20,0.0,1609394.555778089,0.046875,1431393.080429815
4,21,0.0,1588060.7901246953,0.046875,1431393.080429815
4,22,0.0,1588060.7901246953,0.046875,1431393.080429815
4,23,0.0,1588060.7901246953,0.046875,1431393.080429815
4,24,0.0,1588060.7901246953,0.046875,1431393.080429815
4,25,0.0,1588060.7901246953,0.046875,1431393.080429815
4,26,0.0,1582723.3728751738,0.046875,1431393.080429815
4,27,0.0,1582723.3728751738,0.046875,1431393.080429815
4,28,0.0,1572453.9515309972,0.046875,1431393.080429815
4,29,0.0,1572453.9515309972,0.046875,1431393.080429815
4,30,0.0,1572453.9515309972,0.046875,1431393.080429815
4,31,0.0,1572453.9515309972,0.046875,1431393.080429815
4,32,0.0,1572453.9515309972,0.046875,1431393.080429815
4,33,0.0,1572453.9515309972,0.046875,1431393.080429815
4,34,0.0,1572453.9515309972,0.046875,1431393.080429815
4,35,0.0,1572453.9515309972,0.046875,1431393.080429815
4,36,0.0,1572453.9515309972,0.046875,1431393.080429815
4,37,0.0,1572453.9515309972,0.046875,1431393.080429815
4,38,0.0,1572453.9515309972,0.046875,1431393.080429815
4,39,0.0,1572453.9515309972,0.046875,1431393.080429815
4,40,0.0,1572038.1405830344,0.046875,1431393.080429815
4,41,0.0,1570662.0153946772,0.046875,1431393.080429815
4,42,0.0,1570662.0153946772,0.046875,1431393.080429815
4,43,0.0,1570662.0153946772,0.046875,1431393.080429815
4,44,0.0,1552455.4450759208,0.046875,1431393.080429815
4,45,0.0,1552455.4450759208,0.046875,1431393.080429815
4,46,0.0,1552455.4450759208,0.046875,1431393.080429815
4,47,0.0,1552455.4450759208,0.046875,1431393.080429815
4,48,0.0,1552455.4450759208,0.046875,1431393.080429815
4,49,0.0,1552455.4450759208,0.046875,1431393.080429815
4,50,0.0,1552455.4450759208,0.046875,1431393.080429815
4,51,0.015625,1552455.4450759208,0.0625,1431393.080429815
4,52,0.015625,1552455.4450759208,0.0625,1431393.080429815
4,53,0.015625,1552455.4450759208,0.0625,1431393.080429815
4,54,0.015625,1552455.4450759208,0.0625,1431393.080429815
4,55,0.015625,1552455.4450759208,0.0625,1431393.080429815
4,56,0.015625,1552455.4450759208,0.0625,1431393.080429815
4,57,0.015625,1540299.0443663967,0.0625,1431393.080429815
4,58,0.015625,1540299.0443663967,0.0625,1431393.080429815
4,59,0.015625,1540299.0443663967,0.0625,1431393.080429815
4,60,0.015625,1540299.0443663967,0.0625,1431393.080429815
4,61,0.015625,1540299.0443663967,0.0625,1431393.080429815
4,62,0.015625,1540299.0443663967,0.0625,1431393.080429815
4,63,0.015625,1540299.0443663967,0.0625,1431393.080429815
4,64,0.015625,1540299.0443663967,0.0625,1431393.080429815
4,65,0.015625,1540299.0443663967,0.0625,1431393.080429815
4,66,0.015625,1540299.0443663967,0.0625,1431393.080429815
4,67,0.015625,1540299.0443663967,0.0625,1431393.080429815
4,68,0.015625,1540299.0443663967,0.0625,1431393.080429815
4,69,0.015625,1540299.0443663967,0.0625,1431393.080429815
4,70,0.015625,1540299.0443663967,0.0625,1431393.080429815
4,71,0.015625,1514256.3827033038,0.0625,1431393.080429815
4,72,0.015625,1514256.3827033038,0.0625,1431393.080429815
4,73,0.015625,1514256.3827033038,0.0625,1431393.080429815
4,74,0.015625,1514256.3827033038,0.0625,1431393.080429815
4,75,0.015625,1514256.3827033038,0.0625,1431393.080429815
4,76,0.015625,1514256.3827033038,0.0625,1431393.080429815
4,77,0.015625,1514256.3827033038,0.0625,1431393.080429815
4,78,0.015625,1514256.3827033038,0.0625,1431393.080429815
4,79,0.015625,1514256.3827033038,0.0625,1431393.080429815
4,80,0.015625,1514256.3827033038,0.0625,1431393.080429815
4,81,0.015625,1514256.3827033038,0.0625,1431393.080429815
4,82,0.015625,1514256.3827033038,0.0625,1431393.080429815
4,83,0.015625,1514256.3827033038,0.0625,1431393.080429815
4,84,0.015625,1514256.3827033038,0.0625,1431393.080429815
4,85,0.015625,1514256.3827033038,0.0625,1431393.080429815
4,86,0.015625,1514256.3827033038,0.0625,1431393.080429815
4,87,0.015625,1514256.3827033038,0.0625,1431393.080429815
4,88,0.015625,1514256.3827033038,0.0625,1431393.080429815
4,89,0.015625,1514256.3827033038,0.0625,1431393.080429815
4,90,0.015625,1514256.3827033038,0.0625,1431393.080429815
4,91,0.015625,1514256.3827033038,0.0625,1431393.080429815
4,92,0.015625,1511657.9782974815,0.0625,1431393.080429815
4,93,0.015625,1511657.9782974815,0.0625,1431393.080429815
4,94,0.015625,1511657.9782974815,0.0625,1431393.080429815
4,95,0.015625,1511657.9782974815,0.0625,1431393.080429815
4,96,0.015625,1511657.9782974815,0.0625,1431393.080429815
4,97,0.015625,1511657.9782974815,0.0625,1431393.080429815
4,98,0.015625,1511657.9782974815,0.0625,1431393.080429815
4,99,0.015625,1511657.9782974815,0.0625,1431393.080429815
Description =  
Restart,Iteration,RunTime,Distance
5,0,0.0,1639227.435189784,0.0625,1431393.080429815
5,1,0.0,1628477.5371401776,0.0625,1431393.080429815
5,2,0.0,1628477.5371401776,0.0625,1431393.080429815
5,3,0.0,1596130.6593659432,0.0625,1431393.080429815
5,4,0.0,1596130.6593659432,0.0625,1431393.080429815
5,5,0.0,1583760.2343974886,0.0625,1431393.080429815
5,6,0.0,1583760.2343974886,0.0625,1431393.080429815
5,7,0.0,1577848.6477924874,0.0625,1431393.080429815
5,8,0.0,1577848.6477924874,0.0625,1431393.080429815
5,9,0.0,1577848.6477924874,0.0625,1431393.080429815
5,10,0.0,1577848.6477924874,0.0625,1431393.080429815
5,11,0.0,1577848.6477924874,0.0625,1431393.080429815
5,12,0.0,1577540.6416843536,0.0625,1431393.080429815
5,13,0.0,1577540.6416843536,0.0625,1431393.080429815
5,14,0.0,1577540.6416843536,0.0625,1431393.080429815
5,15,0.0,1577540.6416843536,0.0625,1431393.080429815
5,16,0.0,1577540.6416843536,0.0625,1431393.080429815
5,17,0.0,1577540.6416843536,0.0625,1431393.080429815
5,18,0.0,1577540.6416843536,0.0625,1431393.080429815
5,19,0.0,1564790.4698603095,0.0625,1431393.080429815
5,20,0.0,1564790.4698603095,0.0625,1431393.080429815
5,21,0.0,1527360.3309761435,0.0625,1431393.080429815
5,22,0.0,1527360.3309761435,0.0625,1431393.080429815
5,23,0.0,1519950.656007655,0.0625,1431393.080429815
5,24,0.0,1519950.656007655,0.0625,1431393.080429815
5,25,0.0,1519950.656007655,0.0625,1431393.080429815
5,26,0.0,1519950.656007655,0.0625,1431393.080429815
5,27,0.0,1519950.656007655,0.0625,1431393.080429815
5,28,0.0,1519950.656007655,0.0625,1431393.080429815
5,29,0.0,1519950.656007655,0.0625,1431393.080429815
5,30,0.0,1519950.656007655,0.0625,1431393.080429815
5,31,0.0,1519950.656007655,0.0625,1431393.080429815
5,32,0.0,1519950.656007655,0.0625,1431393.080429815
5,33,0.0,1519950.656007655,0.0625,1431393.080429815
5,34,0.0,1519950.656007655,0.0625,1431393.080429815
5,35,0.0,1519950.656007655,0.0625,1431393.080429815
5,36,0.0,1519950.656007655,0.0625,1431393.080429815
5,37,0.0,1519950.656007655,0.0625,1431393.080429815
5,38,0.0,1519950.656007655,0.0625,1431393.080429815
5,39,0.0,1519950.656007655,0.0625,1431393.080429815
5,40,0.0,1519950.656007655,0.0625,1431393.080429815
5,41,0.0,1519950.656007655,0.0625,1431393.080429815
5,42,0.0,1519950.656007655,0.0625,1431393.080429815
5,43,0.0,1519950.656007655,0.0625,1431393.080429815
5,44,0.0,1519950.656007655,0.0625,1431393.080429815
5,45,0.0,1519950.656007655,0.0625,1431393.080429815
5,46,0.0,1519950.656007655,0.0625,1431393.080429815
5,47,0.0,1519950.656007655,0.0625,1431393.080429815
5,48,0.0,1519950.656007655,0.0625,1431393.080429815
5,49,0.0,1519950.656007655,0.0625,1431393.080429815
5,50,0.0,1519950.656007655,0.0625,1431393.080429815
5,51,0.0,1519950.656007655,0.0625,1431393.080429815
5,52,0.0,1519950.656007655,0.0625,1431393.080429815
5,53,0.0,1519950.656007655,0.0625,1431393.080429815
5,54,0.0,1519950.656007655,0.0625,1431393.080429815
5,55,0.0,1519950.656007655,0.0625,1431393.080429815
5,56,0.0,1519950.656007655,0.0625,1431393.080429815
5,57,0.0,1439978.3119104193,0.0625,1431393.080429815
5,58,0.0,1439978.3119104193,0.0625,1431393.080429815
5,59,0.0,1439978.3119104193,0.0625,1431393.080429815
5,60,0.0,1439978.3119104193,0.0625,1431393.080429815
5,61,0.0,1439978.3119104193,0.0625,1431393.080429815
5,62,0.0,1439978.3119104193,0.0625,1431393.080429815
5,63,0.0,1439978.3119104193,0.0625,1431393.080429815
5,64,0.0,1439978.3119104193,0.0625,1431393.080429815
5,65,0.0,1439978.3119104193,0.0625,1431393.080429815
5,66,0.0,1439978.3119104193,0.0625,1431393.080429815
5,67,0.0,1439978.3119104193,0.0625,1431393.080429815
5,68,0.0,1439978.3119104193,0.0625,1431393.080429815
5,69,0.0,1439978.3119104193,0.0625,1431393.080429815
5,70,0.0,1439978.3119104193,0.0625,1431393.080429815
5,71,0.0,1439978.3119104193,0.0625,1431393.080429815
5,72,0.0,1439978.3119104193,0.0625,1431393.080429815
5,73,0.0,1439978.3119104193,0.0625,1431393.080429815
5,74,0.0,1439978.3119104193,0.0625,1431393.080429815
5,75,0.0,1439978.3119104193,0.0625,1431393.080429815
5,76,0.0,1439978.3119104193,0.0625,1431393.080429815
5,77,0.0,1439978.3119104193,0.0625,1431393.080429815
5,78,0.0,1439978.3119104193,0.0625,1431393.080429815
5,79,0.0,1439978.3119104193,0.0625,1431393.080429815
5,80,0.0,1439978.3119104193,0.0625,1431393.080429815
5,81,0.0,1439978.3119104193,0.0625,1431393.080429815
5,82,0.0,1439978.3119104193,0.0625,1431393.080429815
5,83,0.0,1439978.3119104193,0.0625,1431393.080429815
5,84,0.0,1439978.3119104193,0.0625,1431393.080429815
5,85,0.0,1439978.3119104193,0.0625,1431393.080429815
5,86,0.0,1439978.3119104193,0.0625,1431393.080429815
5,87,0.0,1439978.3119104193,0.0625,1431393.080429815
5,88,0.0,1439978.3119104193,0.0625,1431393.080429815
5,89,0.0,1439978.3119104193,0.0625,1431393.080429815
5,90,0.0,1439978.3119104193,0.0625,1431393.080429815
5,91,0.015625,1439978.3119104193,0.078125,1431393.080429815
5,92,0.015625,1439978.3119104193,0.078125,1431393.080429815
5,93,0.015625,1439978.3119104193,0.078125,1431393.080429815
5,94,0.015625,1439978.3119104193,0.078125,1431393.080429815
5,95,0.015625,1439978.3119104193,0.078125,1431393.080429815
5,96,0.015625,1439978.3119104193,0.078125,1431393.080429815
5,97,0.015625,1439978.3119104193,0.078125,1431393.080429815
5,98,0.015625,1439978.3119104193,0.078125,1431393.080429815
5,99,0.015625,1439978.3119104193,0.078125,1431393.080429815
Description =  
Restart,Iteration,RunTime,Distance
6,0,0.0,1798750.788855979,0.078125,1431393.080429815
6,1,0.0,1784578.7520484333,0.078125,1431393.080429815
6,2,0.0,1783039.1347313111,0.078125,1431393.080429815
6,3,0.0,1783039.1347313111,0.078125,1431393.080429815
6,4,0.0,1783039.1347313111,0.078125,1431393.080429815
6,5,0.0,1749028.3599832412,0.078125,1431393.080429815
6,6,0.0,1722985.6983201483,0.078125,1431393.080429815
6,7,0.0,1722985.6983201483,0.078125,1431393.080429815
6,8,0.0,1697290.2498298,0.078125,1431393.080429815
6,9,0.0,1697290.2498298,0.078125,1431393.080429815
6,10,0.0,1697290.2498298,0.078125,1431393.080429815
6,11,0.0,1675333.171728635,0.078125,1431393.080429815
6,12,0.0,1671316.9677755944,0.078125,1431393.080429815
6,13,0.0,1671316.9677755944,0.078125,1431393.080429815
6,14,0.0,1671316.9677755944,0.078125,1431393.080429815
6,15,0.0,1653805.9594970017,0.078125,1431393.080429815
6,16,0.0,1653805.9594970017,0.078125,1431393.080429815
6,17,0.0,1625662.0863241493,0.078125,1431393.080429815
6,18,0.0,1625662.0863241493,0.078125,1431393.080429815
6,19,0.0,1625662.0863241493,0.078125,1431393.080429815
6,20,0.0,1625662.0863241493,0.078125,1431393.080429815
6,21,0.0,1625662.0863241493,0.078125,1431393.080429815
6,22,0.0,1625662.0863241493,0.078125,1431393.080429815
6,23,0.0,1621186.9303083639,0.078125,1431393.080429815
6,24,0.0,1621186.9303083639,0.078125,1431393.080429815
6,25,0.0,1621186.9303083639,0.078125,1431393.080429815
6,26,0.0,1621186.9303083639,0.078125,1431393.080429815
6,27,0.0,1621186.9303083639,0.078125,1431393.080429815
6,28,0.0,1621186.9303083639,0.078125,1431393.080429815
6,29,0.0,1621186.9303083639,0.078125,1431393.080429815
6,30,0.0,1621186.9303083639,0.078125,1431393.080429815
6,31,0.0,1621186.9303083639,0.078125,1431393.080429815
6,32,0.0,1621186.9303083639,0.078125,1431393.080429815
6,33,0.0,1621186.9303083639,0.078125,1431393.080429815
6,34,0.0,1621186.9303083639,0.078125,1431393.080429815
6,35,0.0,1621186.9303083639,0.078125,1431393.080429815
6,36,0.0,1621186.9303083639,0.078125,1431393.080429815
6,37,0.0,1621186.9303083639,0.078125,1431393.080429815
6,38,0.0,1609488.773554907,0.078125,1431393.080429815
6,39,0.0,1609488.773554907,0.078125,1431393.080429815
6,40,0.0,1609488.773554907,0.078125,1431393.080429815
6,41,0.0,1609488.773554907,0.078125,1431393.080429815
6,42,0.0,1609488.773554907,0.078125,1431393.080429815
6,43,0.0,1609488.773554907,0.078125,1431393.080429815
6,44,0.0,1556549.8429892529,0.078125,1431393.080429815
6,45,0.0,1556549.8429892529,0.078125,1431393.080429815
6,46,0.0,1556549.8429892529,0.078125,1431393.080429815
6,47,0.0,1556549.8429892529,0.078125,1431393.080429815
6,48,0.0,1556549.8429892529,0.078125,1431393.080429815
6,49,0.0,1556549.8429892529,0.078125,1431393.080429815
6,50,0.0,1556549.8429892529,0.078125,1431393.080429815
6,51,0.0,1556549.8429892529,0.078125,1431393.080429815
6,52,0.0,1556549.8429892529,0.078125,1431393.080429815
6,53,0.0,1556549.8429892529,0.078125,1431393.080429815
6,54,0.0,1556549.8429892529,0.078125,1431393.080429815
6,55,0.0,1556549.8429892529,0.078125,1431393.080429815
6,56,0.0,1556549.8429892529,0.078125,1431393.080429815
6,57,0.0,1556549.8429892529,0.078125,1431393.080429815
6,58,0.0,1556549.8429892529,0.078125,1431393.080429815
6,59,0.0,1556549.8429892529,0.078125,1431393.080429815
6,60,0.0,1556549.8429892529,0.078125,1431393.080429815
6,61,0.0,1556549.8429892529,0.078125,1431393.080429815
6,62,0.0,1556549.8429892529,0.078125,1431393.080429815
6,63,0.0,1556549.8429892529,0.078125,1431393.080429815
6,64,0.0,1556549.8429892529,0.078125,1431393.080429815
6,65,0.0,1556549.8429892529,0.078125,1431393.080429815
6,66,0.0,1556549.8429892529,0.078125,1431393.080429815
6,67,0.0,1556549.8429892529,0.078125,1431393.080429815
6,68,0.0,1556549.8429892529,0.078125,1431393.080429815
6,69,0.0,1556549.8429892529,0.078125,1431393.080429815
6,70,0.0,1556549.8429892529,0.078125,1431393.080429815
6,71,0.0,1556549.8429892529,0.078125,1431393.080429815
6,72,0.0,1556549.8429892529,0.078125,1431393.080429815
6,73,0.0,1556549.8429892529,0.078125,1431393.080429815
6,74,0.0,1556549.8429892529,0.078125,1431393.080429815
6,75,0.0,1556549.8429892529,0.078125,1431393.080429815
6,76,0.0,1556549.8429892529,0.078125,1431393.080429815
6,77,0.0,1556549.8429892529,0.078125,1431393.080429815
6,78,0.0,1556549.8429892529,0.078125,1431393.080429815
6,79,0.0,1556549.8429892529,0.078125,1431393.080429815
6,80,0.0,1556549.8429892529,0.078125,1431393.080429815
6,81,0.0,1556549.8429892529,0.078125,1431393.080429815
6,82,0.0,1556549.8429892529,0.078125,1431393.080429815
6,83,0.0,1556549.8429892529,0.078125,1431393.080429815
6,84,0.0,1556549.8429892529,0.078125,1431393.080429815
6,85,0.0,1556549.8429892529,0.078125,1431393.080429815
6,86,0.0,1556549.8429892529,0.078125,1431393.080429815
6,87,0.0,1556549.8429892529,0.078125,1431393.080429815
6,88,0.0,1556549.8429892529,0.078125,1431393.080429815
6,89,0.0,1556549.8429892529,0.078125,1431393.080429815
6,90,0.0,1556549.8429892529,0.078125,1431393.080429815
6,91,0.0,1556549.8429892529,0.078125,1431393.080429815
6,92,0.0,1556549.8429892529,0.078125,1431393.080429815
6,93,0.0,1556549.8429892529,0.078125,1431393.080429815
6,94,0.0,1556549.8429892529,0.078125,1431393.080429815
6,95,0.0,1556549.8429892529,0.078125,1431393.080429815
6,96,0.0,1556549.8429892529,0.078125,1431393.080429815
6,97,0.0,1556549.8429892529,0.078125,1431393.080429815
6,98,0.0,1556549.8429892529,0.078125,1431393.080429815
6,99,0.0,1556549.8429892529,0.078125,1431393.080429815
Description =  
Restart,Iteration,RunTime,Distance
7,0,0.0,1639227.435189784,0.09375,1431393.080429815
7,1,0.0,1639227.435189784,0.09375,1431393.080429815
7,2,0.0,1639227.435189784,0.09375,1431393.080429815
7,3,0.0,1639227.435189784,0.09375,1431393.080429815
7,4,0.0,1639227.435189784,0.09375,1431393.080429815
7,5,0.0,1639227.435189784,0.09375,1431393.080429815
7,6,0.0,1639227.435189784,0.09375,1431393.080429815
7,7,0.0,1635211.2312367435,0.09375,1431393.080429815
7,8,0.0,1617818.6557861785,0.09375,1431393.080429815
7,9,0.0,1606721.2266718426,0.09375,1431393.080429815
7,10,0.0,1606721.2266718426,0.09375,1431393.080429815
7,11,0.0,1606721.2266718426,0.09375,1431393.080429815
7,12,0.0,1606721.2266718426,0.09375,1431393.080429815
7,13,0.0,1606721.2266718426,0.09375,1431393.080429815
7,14,0.0,1605658.9302912785,0.09375,1431393.080429815
7,15,0.0,1605658.9302912785,0.09375,1431393.080429815
7,16,0.0,1605658.9302912785,0.09375,1431393.080429815
7,17,0.0,1605658.9302912785,0.09375,1431393.080429815
7,18,0.0,1603060.5258854562,0.09375,1431393.080429815
7,19,0.0,1603060.5258854562,0.09375,1431393.080429815
7,20,0.0,1603060.5258854562,0.09375,1431393.080429815
7,21,0.0,1603060.5258854562,0.09375,1431393.080429815
7,22,0.0,1603060.5258854562,0.09375,1431393.080429815
7,23,0.0,1603060.5258854562,0.09375,1431393.080429815
7,24,0.0,1588944.1133058537,0.09375,1431393.080429815
7,25,0.0,1588944.1133058537,0.09375,1431393.080429815
7,26,0.0,1588944.1133058537,0.09375,1431393.080429815
7,27,0.0,1588944.1133058537,0.09375,1431393.080429815
7,28,0.0,1588944.1133058537,0.09375,1431393.080429815
7,29,0.0,1588944.1133058537,0.09375,1431393.080429815
7,30,0.0,1588944.1133058537,0.09375,1431393.080429815
7,31,0.0,1588944.1133058537,0.09375,1431393.080429815
7,32,0.0,1588944.1133058537,0.09375,1431393.080429815
7,33,0.0,1588944.1133058537,0.09375,1431393.080429815
7,34,0.0,1588944.1133058537,0.09375,1431393.080429815
7,35,0.0,1588944.1133058537,0.09375,1431393.080429815
7,36,0.0,1588944.1133058537,0.09375,1431393.080429815
7,37,0.0,1556597.2355316193,0.09375,1431393.080429815
7,38,0.0,1544226.8105631648,0.09375,1431393.080429815
7,39,0.0,1544226.8105631648,0.09375,1431393.080429815
7,40,0.0,1544226.8105631648,0.09375,1431393.080429815
7,41,0.0,1544226.8105631648,0.09375,1431393.080429815
7,42,0.0,1544226.8105631648,0.09375,1431393.080429815
7,43,0.0,1544226.8105631648,0.09375,1431393.080429815
7,44,0.0,1538315.2239581635,0.09375,1431393.080429815
7,45,0.0,1538315.2239581635,0.09375,1431393.080429815
7,46,0.0,1529417.4261599125,0.09375,1431393.080429815
7,47,0.0,1529417.4261599125,0.09375,1431393.080429815
7,48,0.0,1529417.4261599125,0.09375,1431393.080429815
7,49,0.0,1529417.4261599125,0.09375,1431393.080429815
7,50,0.0,1529417.4261599125,0.09375,1431393.080429815
7,51,0.0,1529417.4261599125,0.09375,1431393.080429815
7,52,0.0,1529417.4261599125,0.09375,1431393.080429815
7,53,0.0,1529417.4261599125,0.09375,1431393.080429815
7,54,0.0,1529417.4261599125,0.09375,1431393.080429815
7,55,0.0,1529417.4261599125,0.09375,1431393.080429815
7,56,0.0,1529417.4261599125,0.09375,1431393.080429815
7,57,0.0,1529417.4261599125,0.09375,1431393.080429815
7,58,0.0,1529417.4261599125,0.09375,1431393.080429815
7,59,0.0,1529417.4261599125,0.09375,1431393.080429815
7,60,0.0,1529417.4261599125,0.09375,1431393.080429815
7,61,0.0,1518667.528110306,0.09375,1431393.080429815
7,62,0.0,1518667.528110306,0.09375,1431393.080429815
7,63,0.0,1518667.528110306,0.09375,1431393.080429815
7,64,0.0,1518667.528110306,0.09375,1431393.080429815
7,65,0.0,1499425.4201211242,0.09375,1431393.080429815
7,66,0.0,1499425.4201211242,0.09375,1431393.080429815
7,67,0.0,1499425.4201211242,0.09375,1431393.080429815
7,68,0.0,1499425.4201211242,0.09375,1431393.080429815
7,69,0.0,1499425.4201211242,0.09375,1431393.080429815
7,70,0.0,1499425.4201211242,0.09375,1431393.080429815
7,71,0.0,1499425.4201211242,0.09375,1431393.080429815
7,72,0.0,1499425.4201211242,0.09375,1431393.080429815
7,73,0.0,1499425.4201211242,0.09375,1431393.080429815
7,74,0.0,1470245.6238770126,0.09375,1431393.080429815
7,75,0.0,1470245.6238770126,0.09375,1431393.080429815
7,76,0.0,1470245.6238770126,0.09375,1431393.080429815
7,77,0.0,1470245.6238770126,0.09375,1431393.080429815
7,78,0.0,1470245.6238770126,0.09375,1431393.080429815
7,79,0.0,1438695.1840130703,0.09375,1431393.080429815
7,80,0.0,1438695.1840130703,0.09375,1431393.080429815
7,81,0.0,1438695.1840130703,0.09375,1431393.080429815
7,82,0.0,1438695.1840130703,0.09375,1431393.080429815
7,83,0.0,1438695.1840130703,0.09375,1431393.080429815
7,84,0.0,1438695.1840130703,0.09375,1431393.080429815
7,85,0.0,1438695.1840130703,0.09375,1431393.080429815
7,86,0.0,1438695.1840130703,0.09375,1431393.080429815
7,87,0.0,1438695.1840130703,0.09375,1431393.080429815
7,88,0.0,1438695.1840130703,0.09375,1431393.080429815
7,89,0.0,1438695.1840130703,0.09375,1431393.080429815
7,90,0.0,1438695.1840130703,0.09375,1431393.080429815
7,91,0.0,1438695.1840130703,0.09375,1431393.080429815
7,92,0.0,1438695.1840130703,0.09375,1431393.080429815
7,93,0.0,1438695.1840130703,0.09375,1431393.080429815
7,94,0.0,1438695.1840130703,0.09375,1431393.080429815
7,95,0.0,1438695.1840130703,0.09375,1431393.080429815
7,96,0.0,1438695.1840130703,0.09375,1431393.080429815
7,97,0.0,1438695.1840130703,0.09375,1431393.080429815
7,98,0.0,1438695.1840130703,0.09375,1431393.080429815
7,99,0.0,1438695.1840130703,0.09375,1431393.080429815
Description =  
Restart,Iteration,RunTime,Distance
8,0,0.0,1614799.5699102494,0.09375,1431393.080429815
8,1,0.0,1614799.5699102494,0.09375,1431393.080429815
8,2,0.0,1610783.365957209,0.09375,1431393.080429815
8,3,0.0,1610783.365957209,0.09375,1431393.080429815
8,4,0.0,1602864.353462509,0.09375,1431393.080429815
8,5,0.0,1602864.353462509,0.09375,1431393.080429815
8,6,0.0,1602864.353462509,0.09375,1431393.080429815
8,7,0.0,1602864.353462509,0.09375,1431393.080429815
8,8,0.0,1553961.972523786,0.09375,1431393.080429815
8,9,0.0,1551363.5681179636,0.09375,1431393.080429815
8,10,0.0,1551363.5681179636,0.09375,1431393.080429815
8,11,0.0,1551363.5681179636,0.09375,1431393.080429815
8,12,0.0,1551363.5681179636,0.09375,1431393.080429815
8,13,0.0,1533126.436258277,0.09375,1431393.080429815
8,14,0.0,1533126.436258277,0.09375,1431393.080429815
8,15,0.0,1520756.0112898224,0.09375,1431393.080429815
8,16,0.0,1520756.0112898224,0.09375,1431393.080429815
8,17,0.015625,1520756.0112898224,0.109375,1431393.080429815
8,18,0.015625,1520756.0112898224,0.109375,1431393.080429815
8,19,0.015625,1520756.0112898224,0.109375,1431393.080429815
8,20,0.015625,1520756.0112898224,0.109375,1431393.080429815
8,21,0.015625,1520756.0112898224,0.109375,1431393.080429815
8,22,0.015625,1520756.0112898224,0.109375,1431393.080429815
8,23,0.015625,1520756.0112898224,0.109375,1431393.080429815
8,24,0.015625,1519921.8761447722,0.109375,1431393.080429815
8,25,0.015625,1492793.532745163,0.109375,1431393.080429815
8,26,0.015625,1482524.1114009863,0.109375,1431393.080429815
8,27,0.015625,1482524.1114009863,0.109375,1431393.080429815
8,28,0.015625,1482524.1114009863,0.109375,1431393.080429815
8,29,0.015625,1482524.1114009863,0.109375,1431393.080429815
8,30,0.015625,1482524.1114009863,0.109375,1431393.080429815
8,31,0.015625,1482524.1114009863,0.109375,1431393.080429815
8,32,0.015625,1482524.1114009863,0.109375,1431393.080429815
8,33,0.015625,1482524.1114009863,0.109375,1431393.080429815
8,34,0.015625,1482524.1114009863,0.109375,1431393.080429815
8,35,0.015625,1482524.1114009863,0.109375,1431393.080429815
8,36,0.015625,1482524.1114009863,0.109375,1431393.080429815
8,37,0.015625,1450973.671537044,0.109375,1431393.080429815
8,38,0.015625,1450973.671537044,0.109375,1431393.080429815
8,39,0.015625,1444418.1077823902,0.109375,1431393.080429815
8,40,0.015625,1444418.1077823902,0.109375,1431393.080429815
8,41,0.015625,1444418.1077823902,0.109375,1431393.080429815
8,42,0.015625,1444418.1077823902,0.109375,1431393.080429815
8,43,0.015625,1444418.1077823902,0.109375,1431393.080429815
8,44,0.015625,1444418.1077823902,0.109375,1431393.080429815
8,45,0.015625,1444418.1077823902,0.109375,1431393.080429815
8,46,0.015625,1444418.1077823902,0.109375,1431393.080429815
8,47,0.015625,1444418.1077823902,0.109375,1431393.080429815
8,48,0.015625,1444418.1077823902,0.109375,1431393.080429815
8,49,0.015625,1431393.0804298152,0.109375,1431393.080429815
8,50,0.015625,1431393.0804298152,0.109375,1431393.080429815
8,51,0.015625,1431393.0804298152,0.109375,1431393.080429815
8,52,0.015625,1431393.0804298152,0.109375,1431393.080429815
8,53,0.015625,1431393.0804298152,0.109375,1431393.080429815
8,54,0.015625,1431393.0804298152,0.109375,1431393.080429815
8,55,0.015625,1431393.0804298152,0.109375,1431393.080429815
8,56,0.015625,1431393.0804298152,0.109375,1431393.080429815
8,57,0.015625,1431393.0804298152,0.109375,1431393.080429815
8,58,0.015625,1431393.0804298152,0.109375,1431393.080429815
8,59,0.015625,1431393.0804298152,0.109375,1431393.080429815
8,60,0.015625,1431393.0804298152,0.109375,1431393.080429815
8,61,0.015625,1431393.0804298152,0.109375,1431393.080429815
8,62,0.015625,1431393.0804298152,0.109375,1431393.080429815
8,63,0.015625,1431393.0804298152,0.109375,1431393.080429815
8,64,0.015625,1431393.0804298152,0.109375,1431393.080429815
8,65,0.015625,1431393.0804298152,0.109375,1431393.080429815
8,66,0.015625,1431393.0804298152,0.109375,1431393.080429815
8,67,0.015625,1431393.0804298152,0.109375,1431393.080429815
8,68,0.015625,1431393.0804298152,0.109375,1431393.080429815
8,69,0.015625,1431393.0804298152,0.109375,1431393.080429815
8,70,0.015625,1431393.0804298152,0.109375,1431393.080429815
8,71,0.015625,1431393.0804298152,0.109375,1431393.080429815
8,72,0.015625,1431393.0804298152,0.109375,1431393.080429815
8,73,0.015625,1431393.0804298152,0.109375,1431393.080429815
8,74,0.015625,1431393.0804298152,0.109375,1431393.080429815
8,75,0.015625,1431393.0804298152,0.109375,1431393.080429815
8,76,0.015625,1431393.0804298152,0.109375,1431393.080429815
8,77,0.015625,1431393.0804298152,0.109375,1431393.080429815
8,78,0.015625,1431393.0804298152,0.109375,1431393.080429815
8,79,0.015625,1431393.0804298152,0.109375,1431393.080429815
8,80,0.015625,1431393.0804298152,0.109375,1431393.080429815
8,81,0.015625,1431393.0804298152,0.109375,1431393.080429815
8,82,0.015625,1431393.0804298152,0.109375,1431393.080429815
8,83,0.015625,1431393.0804298152,0.109375,1431393.080429815
8,84,0.015625,1431393.0804298152,0.109375,1431393.080429815
8,85,0.015625,1431393.0804298152,0.109375,1431393.080429815
8,86,0.015625,1431393.0804298152,0.109375,1431393.080429815
8,87,0.015625,1431393.0804298152,0.109375,1431393.080429815
8,88,0.015625,1431393.0804298152,0.109375,1431393.080429815
8,89,0.015625,1431393.0804298152,0.109375,1431393.080429815
8,90,0.015625,1431393.0804298152,0.109375,1431393.080429815
8,91,0.015625,1431393.0804298152,0.109375,1431393.080429815
8,92,0.015625,1431393.0804298152,0.109375,1431393.080429815
8,93,0.015625,1431393.0804298152,0.109375,1431393.080429815
8,94,0.015625,1431393.0804298152,0.109375,1431393.080429815
8,95,0.015625,1431393.0804298152,0.109375,1431393.080429815
8,96,0.015625,1431393.0804298152,0.109375,1431393.080429815
8,97,0.015625,1431393.0804298152,0.109375,1431393.080429815
8,98,0.015625,1431393.0804298152,0.109375,1431393.080429815
8,99,0.015625,1431393.0804298152,0.109375,1431393.080429815
Description =  
Restart,Iteration,RunTime,Distance
9,0,0.0,1844437.735127233,0.109375,1431393.080429815
9,1,0.0,1740511.1635583756,0.109375,1431393.080429815
9,2,0.0,1740511.1635583756,0.109375,1431393.080429815
9,3,0.0,1712679.7185037031,0.109375,1431393.080429815
9,4,0.0,1712679.7185037031,0.109375,1431393.080429815
9,5,0.0,1676716.6687038091,0.109375,1431393.080429815
9,6,0.0,1672700.4647507686,0.109375,1431393.080429815
9,7,0.0,1670102.0603449463,0.109375,1431393.080429815
9,8,0.0,1638038.5579982114,0.109375,1431393.080429815
9,9,0.0,1591188.8922143078,0.109375,1431393.080429815
9,10,0.0,1580919.4708701312,0.109375,1431393.080429815
9,11,0.0,1580919.4708701312,0.109375,1431393.080429815
9,12,0.0,1580919.4708701312,0.109375,1431393.080429815
9,13,0.0,1579543.345681774,0.109375,1431393.080429815
9,14,0.0,1579543.345681774,0.109375,1431393.080429815
9,15,0.0,1579543.345681774,0.109375,1431393.080429815
9,16,0.0,1579543.345681774,0.109375,1431393.080429815
9,17,0.0,1579543.345681774,0.109375,1431393.080429815
9,18,0.0,1569194.1415762382,0.109375,1431393.080429815
9,19,0.0,1562846.7629883138,0.109375,1431393.080429815
9,20,0.0,1562846.7629883138,0.109375,1431393.080429815
9,21,0.0,1562846.7629883138,0.109375,1431393.080429815
9,22,0.0,1489876.3675469474,0.109375,1431393.080429815
9,23,0.0,1489876.3675469474,0.109375,1431393.080429815
9,24,0.0,1489876.3675469474,0.109375,1431393.080429815
9,25,0.0,1489876.3675469474,0.109375,1431393.080429815
9,26,0.0,1489876.3675469474,0.109375,1431393.080429815
9,27,0.0,1489876.3675469474,0.109375,1431393.080429815
9,28,0.0,1489876.3675469474,0.109375,1431393.080429815
9,29,0.015625,1489876.3675469474,0.125,1431393.080429815
9,30,0.015625,1489876.3675469474,0.125,1431393.080429815
9,31,0.015625,1489876.3675469474,0.125,1431393.080429815
9,32,0.015625,1489876.3675469474,0.125,1431393.080429815
9,33,0.015625,1489876.3675469474,0.125,1431393.080429815
9,34,0.015625,1489876.3675469474,0.125,1431393.080429815
9,35,0.015625,1489876.3675469474,0.125,1431393.080429815
9,36,0.015625,1489876.3675469474,0.125,1431393.080429815
9,37,0.015625,1489876.3675469474,0.125,1431393.080429815
9,38,0.015625,1489876.3675469474,0.125,1431393.080429815
9,39,0.015625,1489876.3675469474,0.125,1431393.080429815
9,40,0.015625,1489876.3675469474,0.125,1431393.080429815
9,41,0.015625,1489876.3675469474,0.125,1431393.080429815
9,42,0.015625,1489876.3675469474,0.125,1431393.080429815
9,43,0.015625,1489876.3675469474,0.125,1431393.080429815
9,44,0.015625,1489876.3675469474,0.125,1431393.080429815
9,45,0.015625,1489876.3675469474,0.125,1431393.080429815
9,46,0.015625,1477951.307812413,0.125,1431393.080429815
9,47,0.015625,1477951.307812413,0.125,1431393.080429815
9,48,0.015625,1477951.307812413,0.125,1431393.080429815
9,49,0.015625,1477951.307812413,0.125,1431393.080429815
9,50,0.015625,1477951.307812413,0.125,1431393.080429815
9,51,0.015625,1477951.307812413,0.125,1431393.080429815
9,52,0.015625,1477951.307812413,0.125,1431393.080429815
9,53,0.015625,1477951.307812413,0.125,1431393.080429815
9,54,0.015625,1477951.307812413,0.125,1431393.080429815
9,55,0.015625,1477951.307812413,0.125,1431393.080429815
9,56,0.015625,1477951.307812413,0.125,1431393.080429815
9,57,0.015625,1477951.307812413,0.125,1431393.080429815
9,58,0.015625,1477951.307812413,0.125,1431393.080429815
9,59,0.015625,1477951.307812413,0.125,1431393.080429815
9,60,0.015625,1477951.307812413,0.125,1431393.080429815
9,61,0.015625,1477951.307812413,0.125,1431393.080429815
9,62,0.015625,1477951.307812413,0.125,1431393.080429815
9,63,0.015625,1477951.307812413,0.125,1431393.080429815
9,64,0.015625,1477951.307812413,0.125,1431393.080429815
9,65,0.015625,1477951.307812413,0.125,1431393.080429815
9,66,0.015625,1477951.307812413,0.125,1431393.080429815
9,67,0.015625,1477951.307812413,0.125,1431393.080429815
9,68,0.015625,1477951.307812413,0.125,1431393.080429815
9,69,0.015625,1477951.307812413,0.125,1431393.080429815
9,70,0.015625,1477951.307812413,0.125,1431393.080429815
9,71,0.015625,1477951.307812413,0.125,1431393.080429815
9,72,0.015625,1477951.307812413,0.125,1431393.080429815
9,73,0.015625,1477951.307812413,0.125,1431393.080429815
9,74,0.015625,1477951.307812413,0.125,1431393.080429815
9,75,0.015625,1477951.307812413,0.125,1431393.080429815
9,76,0.015625,1477951.307812413,0.125,1431393.080429815
9,77,0.015625,1477951.307812413,0.125,1431393.080429815
9,78,0.015625,1477951.307812413,0.125,1431393.080429815
9,79,0.015625,1477951.307812413,0.125,1431393.080429815
9,80,0.015625,1477951.307812413,0.125,1431393.080429815
9,81,0.015625,1477951.307812413,0.125,1431393.080429815
9,82,0.015625,1477951.307812413,0.125,1431393.080429815
9,83,0.015625,1477951.307812413,0.125,1431393.080429815
9,84,0.015625,1477951.307812413,0.125,1431393.080429815
9,85,0.015625,1477951.307812413,0.125,1431393.080429815
9,86,0.015625,1477951.307812413,0.125,1431393.080429815
9,87,0.015625,1477951.307812413,0.125,1431393.080429815
9,88,0.015625,1477951.307812413,0.125,1431393.080429815
9,89,0.015625,1477951.307812413,0.125,1431393.080429815
9,90,0.015625,1477951.307812413,0.125,1431393.080429815
9,91,0.015625,1477951.307812413,0.125,1431393.080429815
9,92,0.015625,1477951.307812413,0.125,1431393.080429815
9,93,0.015625,1477951.307812413,0.125,1431393.080429815
9,94,0.015625,1477951.307812413,0.125,1431393.080429815
9,95,0.015625,1477951.307812413,0.125,1431393.080429815
9,96,0.015625,1477951.307812413,0.125,1431393.080429815
9,97,0.015625,1477951.307812413,0.125,1431393.080429815
9,98,0.015625,1477951.307812413,0.125,1431393.080429815
9,99,0.015625,1477951.307812413,0.125,1431393.080429815
